filename,duration_sec,librosa_spectral_centroid,essentia_spectral_centroid,librosa_mfcc,essentia_mfcc,librosa_chroma,librosa_tempo,essentia_tempo
electronic_130bpm_Am_dark.mp3,180.0,0.28213166701607406,0.09491425001760945,0.1763477500062436,0.12236974999541417,0.4598806669819169,0.9348003749619238,1.6357193749863654
test_128bpm_C_format.mp3,60.0,0.0954796249861829,0.02966608398128301,0.06115350004984066,0.04637608298799023,0.13396249996731058,0.15165800001705065,0.5825467919930816
electronic_128bpm_Am_constant.mp3,180.0,0.25203087500995025,0.09248458297224715,0.17614695796510205,0.10954654199304059,0.41373220802051947,0.4260521670221351,1.6560057920287363
jazz_110bpm_F_variable.mp3,180.0,0.2591566670453176,0.09197762497933581,0.16105708404211327,0.10827595798764378,0.4098080829717219,0.4308936250163242,1.6168820000020787
ambient_60bpm_G_constant.mp3,180.0,0.2622911669895984,0.0943211669800803,0.18932974996278062,0.10669545899145305,0.4175279170158319,0.45036558399442583,1.7063795420108363
